wsi file name,xml file name,x,y,Tissue percentage,Percentage of cancerous pixels,Tag of the patch
training/tumor/tumor_048.tif,training/lesion_annotations/tumor_048.xml,46899,151094,0.5472621917724609,0.20033836364746094,file_training-tumor-tumor_048.tif_reg_0_row_0_patch_0_x_46899_y_151094_tissue_0.5472621917724609_metastatic_0.20033836364746094_w_1024_h_1024
training/tumor/tumor_048.tif,training/lesion_annotations/tumor_048.xml,47923,151094,0.32858753204345703,0.34972572326660156,file_training-tumor-tumor_048.tif_reg_0_row_0_patch_1_x_47923_y_151094_tissue_0.32858753204345703_metastatic_0.34972572326660156_w_1024_h_1024
training/tumor/tumor_048.tif,training/lesion_annotations/tumor_048.xml,47469,152118,0.6383523941040039,0.20014476776123047,file_training-tumor-tumor_048.tif_reg_0_row_1_patch_0_x_47469_y_152118_tissue_0.6383523941040039_metastatic_0.20014476776123047_w_1024_h_1024
training/tumor/tumor_048.tif,training/lesion_annotations/tumor_048.xml,48493,152118,0.6521062850952148,0.40839481353759766,file_training-tumor-tumor_048.tif_reg_0_row_1_patch_1_x_48493_y_152118_tissue_0.6521062850952148_metastatic_0.40839481353759766_w_1024_h_1024
training/tumor/tumor_048.tif,training/lesion_annotations/tumor_048.xml,33359,196714,0.481048583984375,0.2000885009765625,file_training-tumor-tumor_048.tif_reg_1_row_0_patch_0_x_33359_y_196714_tissue_0.481048583984375_metastatic_0.2000885009765625_w_1024_h_1024
training/tumor/tumor_048.tif,training/lesion_annotations/tumor_048.xml,34383,196714,0.3520536422729492,0.2749919891357422,file_training-tumor-tumor_048.tif_reg_1_row_0_patch_1_x_34383_y_196714_tissue_0.3520536422729492_metastatic_0.2749919891357422_w_1024_h_1024
training/tumor/tumor_048.tif,training/lesion_annotations/tumor_048.xml,36940,195976,0.48822021484375,0.2000875473022461,file_training-tumor-tumor_048.tif_reg_2_row_0_patch_0_x_36940_y_195976_tissue_0.48822021484375_metastatic_0.2000875473022461_w_1024_h_1024
