wsi file name,xml file name,x,y,Tissue percentage,Percentage of cancerous pixels,Tag of the patch
training/tumor/tumor_057.tif,training/lesion_annotations/tumor_057.xml,14778,142400,0.4577207565307617,0.2001791000366211,file_training-tumor-tumor_057.tif_reg_4_row_0_patch_0_x_14778_y_142400_tissue_0.4577207565307617_metastatic_0.2001791000366211_w_1024_h_1024
training/tumor/tumor_057.tif,training/lesion_annotations/tumor_057.xml,14384,143424,0.45502471923828125,0.20027446746826172,file_training-tumor-tumor_057.tif_reg_4_row_1_patch_0_x_14384_y_143424_tissue_0.45502471923828125_metastatic_0.20027446746826172_w_1024_h_1024
training/tumor/tumor_057.tif,training/lesion_annotations/tumor_057.xml,14296,143318,0.523289680480957,0.20021820068359375,file_training-tumor-tumor_057.tif_reg_5_row_0_patch_0_x_14296_y_143318_tissue_0.523289680480957_metastatic_0.20021820068359375_w_1024_h_1024
training/tumor/tumor_057.tif,training/lesion_annotations/tumor_057.xml,15117,143120,0.6251792907714844,0.35068416595458984,file_training-tumor-tumor_057.tif_reg_6_row_0_patch_0_x_15117_y_143120_tissue_0.6251792907714844_metastatic_0.35068416595458984_w_1024_h_1024
training/tumor/tumor_057.tif,training/lesion_annotations/tumor_057.xml,16141,143120,0.6455583572387695,0.2208881378173828,file_training-tumor-tumor_057.tif_reg_6_row_0_patch_1_x_16141_y_143120_tissue_0.6455583572387695_metastatic_0.2208881378173828_w_1024_h_1024
training/tumor/tumor_057.tif,training/lesion_annotations/tumor_057.xml,15185,142680,0.6760616302490234,0.42084693908691406,file_training-tumor-tumor_057.tif_reg_8_row_0_patch_0_x_15185_y_142680_tissue_0.6760616302490234_metastatic_0.42084693908691406_w_1024_h_1024
training/tumor/tumor_057.tif,training/lesion_annotations/tumor_057.xml,15890,142978,0.7470550537109375,0.22748470306396484,file_training-tumor-tumor_057.tif_reg_9_row_0_patch_0_x_15890_y_142978_tissue_0.7470550537109375_metastatic_0.22748470306396484_w_1024_h_1024
