wsi file name,xml file name,x,y,Tissue percentage,Percentage of cancerous pixels,Tag of the patch
training/tumor/tumor_032.tif,training/lesion_annotations/tumor_032.xml,48240,120813,0.7181596755981445,0.20026588439941406,file_training-tumor-tumor_032.tif_reg_0_row_0_patch_0_x_48240_y_120813_tissue_0.7181596755981445_metastatic_0.20026588439941406_w_1024_h_1024
training/tumor/tumor_032.tif,training/lesion_annotations/tumor_032.xml,49264,120813,0.466522216796875,0.2610330581665039,file_training-tumor-tumor_032.tif_reg_0_row_0_patch_1_x_49264_y_120813_tissue_0.466522216796875_metastatic_0.2610330581665039_w_1024_h_1024
training/tumor/tumor_032.tif,training/lesion_annotations/tumor_032.xml,48298,121837,0.6516790390014648,0.2008504867553711,file_training-tumor-tumor_032.tif_reg_0_row_1_patch_0_x_48298_y_121837_tissue_0.6516790390014648_metastatic_0.2008504867553711_w_1024_h_1024
training/tumor/tumor_032.tif,training/lesion_annotations/tumor_032.xml,49322,121837,0.294677734375,0.7389287948608398,file_training-tumor-tumor_032.tif_reg_0_row_1_patch_1_x_49322_y_121837_tissue_0.294677734375_metastatic_0.7389287948608398_w_1024_h_1024
training/tumor/tumor_032.tif,training/lesion_annotations/tumor_032.xml,48363,122861,0.7102813720703125,0.20084190368652344,file_training-tumor-tumor_032.tif_reg_0_row_2_patch_0_x_48363_y_122861_tissue_0.7102813720703125_metastatic_0.20084190368652344_w_1024_h_1024
training/tumor/tumor_032.tif,training/lesion_annotations/tumor_032.xml,49387,122861,0.3552722930908203,0.580592155456543,file_training-tumor-tumor_032.tif_reg_0_row_2_patch_1_x_49387_y_122861_tissue_0.3552722930908203_metastatic_0.580592155456543_w_1024_h_1024
training/tumor/tumor_032.tif,training/lesion_annotations/tumor_032.xml,48321,123885,0.7303590774536133,0.2008962631225586,file_training-tumor-tumor_032.tif_reg_0_row_3_patch_0_x_48321_y_123885_tissue_0.7303590774536133_metastatic_0.2008962631225586_w_1024_h_1024
training/tumor/tumor_032.tif,training/lesion_annotations/tumor_032.xml,49345,123885,0.22661113739013672,0.2785816192626953,file_training-tumor-tumor_032.tif_reg_0_row_3_patch_1_x_49345_y_123885_tissue_0.22661113739013672_metastatic_0.2785816192626953_w_1024_h_1024
