wsi file name,xml file name,x,y,Tissue percentage,Percentage of cancerous pixels,Tag of the patch
training/tumor/tumor_093.tif,training/lesion_annotations/tumor_093.xml,75617,35343,0.1949901580810547,0.20061874389648438,file_training-tumor-tumor_093.tif_reg_0_row_0_patch_0_x_75617_y_35343_tissue_0.1949901580810547_metastatic_0.20061874389648438_w_1024_h_1024
training/tumor/tumor_093.tif,training/lesion_annotations/tumor_093.xml,76641,35343,0.9217634201049805,0.7051897048950195,file_training-tumor-tumor_093.tif_reg_0_row_0_patch_1_x_76641_y_35343_tissue_0.9217634201049805_metastatic_0.7051897048950195_w_1024_h_1024
training/tumor/tumor_093.tif,training/lesion_annotations/tumor_093.xml,77665,35343,0.9041032791137695,0.32962608337402344,file_training-tumor-tumor_093.tif_reg_0_row_0_patch_2_x_77665_y_35343_tissue_0.9041032791137695_metastatic_0.32962608337402344_w_1024_h_1024
training/tumor/tumor_093.tif,training/lesion_annotations/tumor_093.xml,76431,36367,0.24573993682861328,0.20046234130859375,file_training-tumor-tumor_093.tif_reg_0_row_1_patch_0_x_76431_y_36367_tissue_0.24573993682861328_metastatic_0.20046234130859375_w_1024_h_1024
training/tumor/tumor_093.tif,training/lesion_annotations/tumor_093.xml,77455,36367,0.8270702362060547,0.8310708999633789,file_training-tumor-tumor_093.tif_reg_0_row_1_patch_1_x_77455_y_36367_tissue_0.8270702362060547_metastatic_0.8310708999633789_w_1024_h_1024
training/tumor/tumor_093.tif,training/lesion_annotations/tumor_093.xml,78479,36367,0.8817806243896484,0.3260793685913086,file_training-tumor-tumor_093.tif_reg_0_row_1_patch_2_x_78479_y_36367_tissue_0.8817806243896484_metastatic_0.3260793685913086_w_1024_h_1024
training/tumor/tumor_093.tif,training/lesion_annotations/tumor_093.xml,79503,36367,0.8876495361328125,0.22428321838378906,file_training-tumor-tumor_093.tif_reg_0_row_1_patch_3_x_79503_y_36367_tissue_0.8876495361328125_metastatic_0.22428321838378906_w_1024_h_1024
training/tumor/tumor_093.tif,training/lesion_annotations/tumor_093.xml,78483,37391,0.29671478271484375,0.20014381408691406,file_training-tumor-tumor_093.tif_reg_0_row_2_patch_0_x_78483_y_37391_tissue_0.29671478271484375_metastatic_0.20014381408691406_w_1024_h_1024
training/tumor/tumor_093.tif,training/lesion_annotations/tumor_093.xml,79507,37391,0.46275997161865234,0.3903064727783203,file_training-tumor-tumor_093.tif_reg_0_row_2_patch_1_x_79507_y_37391_tissue_0.46275997161865234_metastatic_0.3903064727783203_w_1024_h_1024
