wsi file name,xml file name,x,y,Tissue percentage,Percentage of cancerous pixels,Tag of the patch
training/tumor/tumor_087.tif,training/lesion_annotations/tumor_087.xml,62119,41777,0.3901376724243164,0.2002582550048828,file_training-tumor-tumor_087.tif_reg_0_row_0_patch_0_x_62119_y_41777_tissue_0.3901376724243164_metastatic_0.2002582550048828_w_1024_h_1024
training/tumor/tumor_087.tif,training/lesion_annotations/tumor_087.xml,63143,41777,0.4359283447265625,0.3694190979003906,file_training-tumor-tumor_087.tif_reg_0_row_0_patch_1_x_63143_y_41777_tissue_0.4359283447265625_metastatic_0.3694190979003906_w_1024_h_1024
training/tumor/tumor_087.tif,training/lesion_annotations/tumor_087.xml,62181,42801,0.8790149688720703,0.2000131607055664,file_training-tumor-tumor_087.tif_reg_0_row_1_patch_0_x_62181_y_42801_tissue_0.8790149688720703_metastatic_0.2000131607055664_w_1024_h_1024
training/tumor/tumor_087.tif,training/lesion_annotations/tumor_087.xml,63205,42801,0.9500694274902344,0.9155149459838867,file_training-tumor-tumor_087.tif_reg_0_row_1_patch_1_x_63205_y_42801_tissue_0.9500694274902344_metastatic_0.9155149459838867_w_1024_h_1024
training/tumor/tumor_087.tif,training/lesion_annotations/tumor_087.xml,64229,42801,0.7322378158569336,0.5621719360351562,file_training-tumor-tumor_087.tif_reg_0_row_1_patch_2_x_64229_y_42801_tissue_0.7322378158569336_metastatic_0.5621719360351562_w_1024_h_1024
training/tumor/tumor_087.tif,training/lesion_annotations/tumor_087.xml,62234,41711,0.3592252731323242,0.2107830047607422,file_training-tumor-tumor_087.tif_reg_1_row_0_patch_0_x_62234_y_41711_tissue_0.3592252731323242_metastatic_0.2107830047607422_w_1024_h_1024
training/tumor/tumor_087.tif,training/lesion_annotations/tumor_087.xml,63258,41711,0.3321561813354492,0.27376270294189453,file_training-tumor-tumor_087.tif_reg_1_row_0_patch_1_x_63258_y_41711_tissue_0.3321561813354492_metastatic_0.27376270294189453_w_1024_h_1024
training/tumor/tumor_087.tif,training/lesion_annotations/tumor_087.xml,100647,22978,0.7675313949584961,0.20029067993164062,file_training-tumor-tumor_087.tif_reg_2_row_0_patch_0_x_100647_y_22978_tissue_0.7675313949584961_metastatic_0.20029067993164062_w_1024_h_1024
