wsi file name,xml file name,x,y,Tissue percentage,Percentage of cancerous pixels,Tag of the patch
training/tumor/tumor_007.tif,training/lesion_annotations/tumor_007.xml,30737,105051,0.38182926177978516,0.2000713348388672,file_training-tumor-tumor_007.tif_reg_1_row_0_patch_0_x_30737_y_105051_tissue_0.38182926177978516_metastatic_0.2000713348388672_w_1024_h_1024
training/tumor/tumor_007.tif,training/lesion_annotations/tumor_007.xml,31315,105135,0.37293338775634766,0.21864891052246094,file_training-tumor-tumor_007.tif_reg_3_row_0_patch_0_x_31315_y_105135_tissue_0.37293338775634766_metastatic_0.21864891052246094_w_1024_h_1024
training/tumor/tumor_007.tif,training/lesion_annotations/tumor_007.xml,11712,151822,0.18603038787841797,0.20049571990966797,file_training-tumor-tumor_007.tif_reg_4_row_0_patch_0_x_11712_y_151822_tissue_0.18603038787841797_metastatic_0.20049571990966797_w_1024_h_1024
training/tumor/tumor_007.tif,training/lesion_annotations/tumor_007.xml,11668,151046,0.13069534301757812,0.20062732696533203,file_training-tumor-tumor_007.tif_reg_5_row_0_patch_0_x_11668_y_151046_tissue_0.13069534301757812_metastatic_0.20062732696533203_w_1024_h_1024
training/tumor/tumor_007.tif,training/lesion_annotations/tumor_007.xml,12692,151046,0.5673799514770508,0.7122535705566406,file_training-tumor-tumor_007.tif_reg_5_row_0_patch_1_x_12692_y_151046_tissue_0.5673799514770508_metastatic_0.7122535705566406_w_1024_h_1024
training/tumor/tumor_007.tif,training/lesion_annotations/tumor_007.xml,11802,152070,0.147216796875,0.2003488540649414,file_training-tumor-tumor_007.tif_reg_5_row_1_patch_0_x_11802_y_152070_tissue_0.147216796875_metastatic_0.2003488540649414_w_1024_h_1024
training/tumor/tumor_007.tif,training/lesion_annotations/tumor_007.xml,12826,152070,0.6231870651245117,0.3938913345336914,file_training-tumor-tumor_007.tif_reg_5_row_1_patch_1_x_12826_y_152070_tissue_0.6231870651245117_metastatic_0.3938913345336914_w_1024_h_1024
