wsi file name,xml file name,x,y,Tissue percentage,Percentage of cancerous pixels,Tag of the patch
training/tumor/tumor_049.tif,training/lesion_annotations/tumor_049.xml,13637,126535,0.1456298828125,0.20001602172851562,file_training-tumor-tumor_049.tif_reg_0_row_0_patch_0_x_13637_y_126535_tissue_0.1456298828125_metastatic_0.20001602172851562_w_1024_h_1024
training/tumor/tumor_049.tif,training/lesion_annotations/tumor_049.xml,14661,126535,0.3065519332885742,0.4074735641479492,file_training-tumor-tumor_049.tif_reg_0_row_0_patch_1_x_14661_y_126535_tissue_0.3065519332885742_metastatic_0.4074735641479492_w_1024_h_1024
training/tumor/tumor_049.tif,training/lesion_annotations/tumor_049.xml,12889,127559,0.15537357330322266,0.20007896423339844,file_training-tumor-tumor_049.tif_reg_0_row_1_patch_0_x_12889_y_127559_tissue_0.15537357330322266_metastatic_0.20007896423339844_w_1024_h_1024
training/tumor/tumor_049.tif,training/lesion_annotations/tumor_049.xml,13913,127559,0.4618415832519531,0.7335453033447266,file_training-tumor-tumor_049.tif_reg_0_row_1_patch_1_x_13913_y_127559_tissue_0.4618415832519531_metastatic_0.7335453033447266_w_1024_h_1024
training/tumor/tumor_049.tif,training/lesion_annotations/tumor_049.xml,14937,127559,0.3534994125366211,0.3496227264404297,file_training-tumor-tumor_049.tif_reg_0_row_1_patch_2_x_14937_y_127559_tissue_0.3534994125366211_metastatic_0.3496227264404297_w_1024_h_1024
training/tumor/tumor_049.tif,training/lesion_annotations/tumor_049.xml,17414,126578,0.25953006744384766,0.2003183364868164,file_training-tumor-tumor_049.tif_reg_1_row_0_patch_0_x_17414_y_126578_tissue_0.25953006744384766_metastatic_0.2003183364868164_w_1024_h_1024
training/tumor/tumor_049.tif,training/lesion_annotations/tumor_049.xml,16965,127602,0.2338113784790039,0.20040035247802734,file_training-tumor-tumor_049.tif_reg_1_row_1_patch_0_x_16965_y_127602_tissue_0.2338113784790039_metastatic_0.20040035247802734_w_1024_h_1024
