wsi file name,xml file name,x,y,Tissue percentage,Percentage of cancerous pixels,Tag of the patch
training/tumor/tumor_006.tif,training/lesion_annotations/tumor_006.xml,56971,171506,0.11125564575195312,0.20005321502685547,file_training-tumor-tumor_006.tif_reg_1_row_0_patch_0_x_56971_y_171506_tissue_0.11125564575195312_metastatic_0.20005321502685547_w_1024_h_1024
training/tumor/tumor_006.tif,training/lesion_annotations/tumor_006.xml,57772,172530,0.11938285827636719,0.20013904571533203,file_training-tumor-tumor_006.tif_reg_1_row_1_patch_0_x_57772_y_172530_tissue_0.11938285827636719_metastatic_0.20013904571533203_w_1024_h_1024
training/tumor/tumor_006.tif,training/lesion_annotations/tumor_006.xml,58796,172530,0.37125301361083984,0.2786235809326172,file_training-tumor-tumor_006.tif_reg_1_row_1_patch_1_x_58796_y_172530_tissue_0.37125301361083984_metastatic_0.2786235809326172_w_1024_h_1024
training/tumor/tumor_006.tif,training/lesion_annotations/tumor_006.xml,56931,171450,0.1569223403930664,0.2001638412475586,file_training-tumor-tumor_006.tif_reg_2_row_0_patch_0_x_56931_y_171450_tissue_0.1569223403930664_metastatic_0.2001638412475586_w_1024_h_1024
training/tumor/tumor_006.tif,training/lesion_annotations/tumor_006.xml,54946,168328,0.3977785110473633,0.2004070281982422,file_training-tumor-tumor_006.tif_reg_3_row_0_patch_0_x_54946_y_168328_tissue_0.3977785110473633_metastatic_0.2004070281982422_w_1024_h_1024
training/tumor/tumor_006.tif,training/lesion_annotations/tumor_006.xml,55970,168328,0.3853645324707031,0.3090934753417969,file_training-tumor-tumor_006.tif_reg_3_row_0_patch_1_x_55970_y_168328_tissue_0.3853645324707031_metastatic_0.3090934753417969_w_1024_h_1024
training/tumor/tumor_006.tif,training/lesion_annotations/tumor_006.xml,55069,169352,0.17989540100097656,0.2004261016845703,file_training-tumor-tumor_006.tif_reg_3_row_1_patch_0_x_55069_y_169352_tissue_0.17989540100097656_metastatic_0.2004261016845703_w_1024_h_1024
