wsi file name,xml file name,x,y,Tissue percentage,Percentage of cancerous pixels,Tag of the patch
training/tumor/tumor_040.tif,training/lesion_annotations/tumor_040.xml,36770,140974,0.2721061706542969,0.20188522338867188,file_training-tumor-tumor_040.tif_reg_0_row_0_patch_0_x_36770_y_140974_tissue_0.2721061706542969_metastatic_0.20188522338867188_w_512_h_512
training/tumor/tumor_040.tif,training/lesion_annotations/tumor_040.xml,37282,140974,0.33698272705078125,0.3361053466796875,file_training-tumor-tumor_040.tif_reg_0_row_0_patch_1_x_37282_y_140974_tissue_0.33698272705078125_metastatic_0.3361053466796875_w_512_h_512
training/tumor/tumor_040.tif,training/lesion_annotations/tumor_040.xml,36621,141486,0.37363433837890625,0.200958251953125,file_training-tumor-tumor_040.tif_reg_0_row_1_patch_0_x_36621_y_141486_tissue_0.37363433837890625_metastatic_0.200958251953125_w_512_h_512
training/tumor/tumor_040.tif,training/lesion_annotations/tumor_040.xml,36670,141998,0.3173789978027344,0.2002410888671875,file_training-tumor-tumor_040.tif_reg_0_row_2_patch_0_x_36670_y_141998_tissue_0.3173789978027344_metastatic_0.2002410888671875_w_512_h_512
training/tumor/tumor_040.tif,training/lesion_annotations/tumor_040.xml,69777,113218,0.4751701354980469,0.20023345947265625,file_training-tumor-tumor_040.tif_reg_1_row_0_patch_0_x_69777_y_113218_tissue_0.4751701354980469_metastatic_0.20023345947265625_w_512_h_512
training/tumor/tumor_040.tif,training/lesion_annotations/tumor_040.xml,59816,126078,0.19212722778320312,0.20038986206054688,file_training-tumor-tumor_040.tif_reg_2_row_0_patch_0_x_59816_y_126078_tissue_0.19212722778320312_metastatic_0.20038986206054688_w_512_h_512
training/tumor/tumor_040.tif,training/lesion_annotations/tumor_040.xml,71333,116531,0.4509162902832031,0.2000579833984375,file_training-tumor-tumor_040.tif_reg_3_row_0_patch_0_x_71333_y_116531_tissue_0.4509162902832031_metastatic_0.2000579833984375_w_512_h_512
training/tumor/tumor_040.tif,training/lesion_annotations/tumor_040.xml,71465,116467,0.3075714111328125,0.200164794921875,file_training-tumor-tumor_040.tif_reg_4_row_0_patch_0_x_71465_y_116467_tissue_0.3075714111328125_metastatic_0.200164794921875_w_512_h_512
