wsi file name,xml file name,x,y,Tissue percentage,Percentage of cancerous pixels,Tag of the patch
training/tumor/tumor_086.tif,training/lesion_annotations/tumor_086.xml,49461,78877,0.3952522277832031,0.20055770874023438,file_training-tumor-tumor_086.tif_reg_0_row_0_patch_0_x_49461_y_78877_tissue_0.3952522277832031_metastatic_0.20055770874023438_w_512_h_512
training/tumor/tumor_086.tif,training/lesion_annotations/tumor_086.xml,49973,78877,0.5368156433105469,0.826141357421875,file_training-tumor-tumor_086.tif_reg_0_row_0_patch_1_x_49973_y_78877_tissue_0.5368156433105469_metastatic_0.826141357421875_w_512_h_512
training/tumor/tumor_086.tif,training/lesion_annotations/tumor_086.xml,50485,78877,0.6533966064453125,0.36173248291015625,file_training-tumor-tumor_086.tif_reg_0_row_0_patch_2_x_50485_y_78877_tissue_0.6533966064453125_metastatic_0.36173248291015625_w_512_h_512
training/tumor/tumor_086.tif,training/lesion_annotations/tumor_086.xml,49442,79389,0.41490936279296875,0.20076370239257812,file_training-tumor-tumor_086.tif_reg_0_row_1_patch_0_x_49442_y_79389_tissue_0.41490936279296875_metastatic_0.20076370239257812_w_512_h_512
training/tumor/tumor_086.tif,training/lesion_annotations/tumor_086.xml,125141,77510,0.5358543395996094,0.20095443725585938,file_training-tumor-tumor_086.tif_reg_1_row_0_patch_0_x_125141_y_77510_tissue_0.5358543395996094_metastatic_0.20095443725585938_w_512_h_512
training/tumor/tumor_086.tif,training/lesion_annotations/tumor_086.xml,125653,77510,0.6506500244140625,0.5923805236816406,file_training-tumor-tumor_086.tif_reg_1_row_0_patch_1_x_125653_y_77510_tissue_0.6506500244140625_metastatic_0.5923805236816406_w_512_h_512
training/tumor/tumor_086.tif,training/lesion_annotations/tumor_086.xml,124954,78022,0.4002342224121094,0.20056533813476562,file_training-tumor-tumor_086.tif_reg_1_row_1_patch_0_x_124954_y_78022_tissue_0.4002342224121094_metastatic_0.20056533813476562_w_512_h_512
training/tumor/tumor_086.tif,training/lesion_annotations/tumor_086.xml,125466,78022,0.5138511657714844,0.5497169494628906,file_training-tumor-tumor_086.tif_reg_1_row_1_patch_1_x_125466_y_78022_tissue_0.5138511657714844_metastatic_0.5497169494628906_w_512_h_512
training/tumor/tumor_086.tif,training/lesion_annotations/tumor_086.xml,125978,78022,0.5671157836914062,0.2513885498046875,file_training-tumor-tumor_086.tif_reg_1_row_1_patch_2_x_125978_y_78022_tissue_0.5671157836914062_metastatic_0.2513885498046875_w_512_h_512
